"313 @ Somerset","SAM","313 Orchard Road (Lobby B @ Basement 3, under escalator)","1.30101","103.83825","","800","2200","800","2200","800","2200","800","2200","800","2200","800","2200","800","2200","800","2200","",""
"888 Plaza","SAM","Blk 888 Woodlands Drive 50 [Near Foodcourt]","1.43712","103.79532","","-","-","-","-","-","-","-","-","-","-","-","-","-","-","-","-","",""
"Acacia Lodge","SAM","540 Bukit Batok Street 23 #01-49 Acacia Lodge","1.34001","103.75568","","-","-","-","-","-","-","-","-","-","-","-","-","-","-","-","-","",""
"Admiralty MRT Station ","SAM","70 Woodlands Avenue 7 [behind unit #01-02, facing food court]","1.441","103.80098","","-","-","-","-","-","-","-","-","-","-","-","-","-","-","-","-","",""
"Admiralty MRT Station-2 ","SAM","70 Woodlands Avenue 7 [behind unit #01-02, facing food court]","1.441","103.80098","","-","-","-","-","-","-","-","-","-","-","-","-","-","-","-","-","",""
"Airmail Transit Centre","SAM","21 North Perimeter Road, entrance of #01-01 [Changi Airfreight Centre Branch]","1.38261","103.9972","","-","-","-","-","-","-","-","-","-","-","-","-","-","-","-","-","",""
"Alexandra Hospital","SAM","378 Alexandra Road [main lobby building - outside Auto Lobby]","1.28684","103.80109","","-","-","-","-","-","-","-","-","-","-","-","-","-","-","-","-","",""
"Alexandra Post Office","SAM","110 Alexandra Road","1.29154","103.81979","","-","-","-","-","-","-","-","-","-","-","-","-","-","-","-","-","",""
"Alexandra Technology Park","SAM","Blk A, 438 Alexandra Road","1.27731","103.80192","","-","-","-","-","-","-","-","-","-","-","-","-","-","-","-","-","",""
"Aljunied MRT Station","SAM","81 Lorong 25 Geylang [Left passageway at Level 1]","1.31644","103.88296","","-","-","-","-","-","-","-","-","-","-","-","-","-","-","-","-","",""
"Anchor Point","SAM","370 Alexandra Road, Basement 1 [opposite Jollibean]","1.28874","103.80541","","1030","2200","1030","2200","1030","2200","1030","2200","1030","2200","1030","2200","1030","2200","1030","2200","",""
"Ang Mo Kio Avenue 10 ","SAM","Blk 532 Ang Mo Kio Avenue 10 [near 7-Eleven Store]","1.37381","103.85459","","-","-","-","-","-","-","-","-","-","-","-","-","-","-","-","-","",""
"Ang Mo Kio Central PO - 1 [Weighing Scale]","SAM","Blk 727 Ang Mo Kio Avenue 6 #01-4246","1.37271","103.846","","-","-","-","-","-","-","-","-","-","-","-","-","-","-","-","-","",""
"Ang Mo Kio Central PO - 2","SAM","Blk 727 Ang Mo Kio Avenue 6 #01-4246","1.37271","103.846","","-","-","-","-","-","-","-","-","-","-","-","-","-","-","-","-","",""
"Ang Mo Kio HDB Branch","SAM","Blk 715 Ang Mo Kio Ave 6 [Corner wall space along passageway, near phone booth]","1.37102","103.84593","","-","-","-","-","-","-","-","-","-","-","-","-","-","-","-","-","",""
"Ang Mo Kio MRT Station - 2 ","SAM","2450 Ang Mo Kio Avenue 8, [Level 1, next to POSB/ current SAM Machine]","1.36959","103.84935","","630","2330","630","2330","630","2330","630","2330","630","2330","630","2330","630","2330","630","2330","",""
"Ang Mo Kio MRT Station [Weighing Scale]","SAM","2450 Ang Mo Kio Avenue 8 [Level 1, next to POSB] Ang Mo Kio MRT Station","1.36959","103.84935","","630","2330","630","2330","630","2330","630","2330","630","2330","630","2330","630","2330","630","2330","",""
"Bayshore Park [SAMplus/Posting Box/Smart Locker]","SAM","56 Bayshore Road, Dolphina Clubhouse","1.31093","103.93642","","-","-","-","-","-","-","-","-","-","-","-","-","-","-","-","-","",""
"Bedok Central PO - 1 [Weighing Scale]","SAM","Blk 218 Bedok North Street 1 #01-49","1.32747","103.93425","","-","-","-","-","-","-","-","-","-","-","-","-","-","-","-","-","",""
"Bedok Central PO - 2","SAM","Blk 218 Bedok North Street 1 #01-49","1.32747","103.93425","","-","-","-","-","-","-","-","-","-","-","-","-","-","-","-","-","",""
"Bedok HDB Branch Office ","SAM","Blk 201A Bedok North St 1 #01-563 [outside entrance]","1.32594","103.92725","","-","-","-","-","-","-","-","-","-","-","-","-","-","-","-","-","",""
"Bedok MRT Station ","SAM","315 New Upper Changi Road, Concourse Level [next to UOB ATM]","1.32404","103.93004","","-","-","-","-","-","-","-","-","-","-","-","-","-","-","-","-","",""
"Bedok North St 4, Blk 89","SAM","Blk 89 Bedok North St 4 [outside pillar of NTUC]","1.33248","103.93803","","-","-","-","-","-","-","-","-","-","-","-","-","-","-","-","-","",""
"Bedok North Street 1, Blk 204","SAM","Blk 204 Bedok North Street 1 [outside NTUC FoodFair]","1.32617","103.9301","","-","-","-","-","-","-","-","-","-","-","-","-","-","-","-","-","",""
"Bedok North Street 1, Blk 206","SAM","Blk 206 Bedok North Street 1, Bedok Central Area Office [beside #01-355]","1.32657","103.93081","","-","-","-","-","-","-","-","-","-","-","-","-","-","-","-","-","",""
"Bedok North Street 3 ","SAM","Blk 539 Bedok North Street 3 [outside #01-627]","1.33131","103.92531","","-","-","-","-","-","-","-","-","-","-","-","-","-","-","-","-","",""
"Bedok Point Shopping Mall","SAM","799 New Upper Changi Rd #02-K4 Bedok Point Shopping Mall","1.32452","103.93229","","1000","2200","1000","2200","1000","2200","1000","2200","1000","2200","1000","2200","1000","2200","1000","2200","",""
"Bedok Reservoir Road Blk 742","SAM","Blk 742 Bedok Reservoir Road [outside #01-3109]","1.33813","103.92167","","-","-","-","-","-","-","-","-","-","-","-","-","-","-","-","-","",""
"Bedok Reservoir Road, Blk 632","SAM","Blk 632 Bedok Reservoir Road [outside #01-850]","1.33205","103.91415","","-","-","-","-","-","-","-","-","-","-","-","-","-","-","-","-","",""
"Bedok South Road Blk 168","SAM","Blk 168 Bedok South Road [outside #01-479]","1.3203","103.94455","","-","-","-","-","-","-","-","-","-","-","-","-","-","-","-","-","",""
"Bedok South Road Blk 17","SAM","Blk 17 Bedok South Road [linkway to bus stop]","1.32037","103.93601","","-","-","-","-","-","-","-","-","-","-","-","-","-","-","-","-","",""
"Bishan HDB Branch Office","SAM","Blk 512 Bishan St 13 #01-524 [near coffeeshop]","1.34968","103.84998","","-","-","-","-","-","-","-","-","-","-","-","-","-","-","-","-","",""
"Bishan Junction 8 - 1","SAM","9 Bishan Place #01-03 [Covered Walkway - facing Bishan Bus Interchange]","1.35054","103.84908","","-","-","-","-","-","-","-","-","-","-","-","-","-","-","-","-","",""
"Bishan MRT","SAM","200 Bishan Road [Level 1@ concourse area]","1.35071","103.84814","","-","-","-","-","-","-","-","-","-","-","-","-","-","-","-","-","",""
"Boon Keng NEL Station","SAM","900 Serangoon Road","1.3196","103.86175","","630","2330","630","2330","630","2330","630","2330","630","2330","630","2330","630","2330","630","2330","",""
"Boon Lay MRT Station","SAM","301 Boon Lay Way [near POSB ATM]","1.33849","103.70566","","-","-","-","-","-","-","-","-","-","-","-","-","-","-","-","-","",""
"Braddell MRT Station","SAM","379 Lor 1 Toa Payoh Braddell MRT Station #B1-03","1.34021","103.84535","","","","","","","","","","","","","","","","","","",""
"Bras Basah PO","SAM","Blk 231 Bain Street #01-03","1.29678","103.85387","","-","-","-","-","-","-","-","-","-","-","-","-","-","-","-","-","",""
"Bt Batok MRT","SAM","10 Bukit Batok Central, Level 1 (Behind NTUC Fairprice)","1.34899","103.74956","","-","-","-","-","-","-","-","-","-","-","-","-","-","-","-","-","",""
"Bt Merah HDB Branch","SAM","Blk 166 Bt Merah Central, [Outside #02-3531/ NTUC]","1.28312","103.81764","","-","-","-","-","-","-","-","-","-","-","-","-","-","-","-","-","",""
"Bugis MRT Station","SAM","220 Victoria Street","1.3005","103.85616","","-","-","-","-","-","-","-","-","-","-","-","-","-","-","-","-","",""
"Bugis+","SAM","201 Victoria Street [Level 1, outside Main Entrance]","1.29964","103.85431","","","","","","","","","","","","","","","","","","",""
"Bukit Batok Central PO - 2","SAM","1 Bukit Batok Central Link #05-09 West Mall","1.34991","103.74944","","930","2200","930","2200","930","2200","930","2200","930","2200","930","2200","930","2200","930","2200","",""
"Bukit Batok East","SAM","Blk 280 Bukit Batok East Avenue 3 [outside Switchroom]","1.34769","103.75706","","-","-","-","-","-","-","-","-","-","-","-","-","-","-","-","-","",""
"Bukit Batok Town Centre - 1","SAM","Blk 630 Bukit Batok Central #01-00 [Outside Bt Batok HDB Branch/near Bukit Batok Bus Interchange]","1.35039","103.75008","","-","-","-","-","-","-","-","-","-","-","-","-","-","-","-","-","",""
"Bukit Batok Town Centre - 2","SAM","Blk 630 Bukit Batok Central #01-00 [Outside Bt Batok HDB Branch/near Bukit Batok Bus Interchange]","1.35039","103.75008","","-","-","-","-","-","-","-","-","-","-","-","-","-","-","-","-","",""
"Bukit Batok West Avenue 8 Blk 154A","SAM","Blk 154A Bukit Batok West Avenue 8 [outside NTUC FairPrice]","1.34739","103.74371","","-","-","-","-","-","-","-","-","-","-","-","-","-","-","-","-","",""
"Bukit Gombak MRT Station","SAM","802 Bukit Batok West Avenue 5 [near gantry area]","1.35863","103.75156","","630","2330","630","2330","630","2330","630","2330","630","2330","630","2330","630","2330","630","2330","",""
"Bukit Merah Central PO [Weighing Scale]","SAM","Blk 165 Bukit Merah Central #01-3689","1.28315","103.81663","","-","-","-","-","-","-","-","-","-","-","-","-","-","-","-","-","",""
"Bukit Merah View","SAM","Blk 114 Bukit Merah View [outside #01-588]","1.28603","103.82231","","-","-","-","-","-","-","-","-","-","-","-","-","-","-","-","-","",""
"Bukit Panjang Plaza","SAM","1 Jelebu Road [Level 1 - near #01-26]","1.38055","103.76412","","930","2200","930","2200","930","2200","930","2200","930","2200","930","2200","930","2200","930","2200","",""
"Bukit Panjang PO","SAM","10 Choa Chu Kang Road Track 10","1.3726","103.74325","","-","-","-","-","-","-","-","-","-","-","-","-","-","-","-","-","",""
"Bukit Panjang Ring Road","SAM","Blk 259 Bukit Panjang Ring [Void Deck]","1.37728","103.77319","","-","-","-","-","-","-","-","-","-","-","-","-","-","-","-","-","",""
"Bukit Timah Plaza","SAM","1 Jalan Anak Bukit Next to #B1-34 [Near escalator]","1.33881","103.77824","","1000","2200","1000","2200","1000","2200","1000","2200","1000","2200","1000","2200","1000","2200","1000","2200","",""
"Bukit Timah PO ","SAM","20 Toh Yi Drive, Bukit Timah Community Club, #02-02","1.34047","103.77171","","800","2200","800","2200","800","2200","800","2200","800","2200","800","2200","800","2200","800","2200","",""
"Bullion Park [SAMplus/Posting Box/Smart Locker]","SAM","160 Lentor Loop [near minimart / swimming pool]","1.39083","103.83703","","-","-","-","-","-","-","-","-","-","-","-","-","-","-","-","-","",""
"Buona Vista MRT Station ","SAM","100 North Buona Vista Road [Passageway at Level 1, near escalator]","1.30746","103.78957","","-","-","-","-","-","-","-","-","-","-","-","-","-","-","-","-","",""
"Buona Vista Service Centre (HDB)","SAM","Buona Vista Community Club 36 Holland Drive #01-11","1.30904","103.79269","","-","-","-","-","-","-","-","-","-","-","-","-","-","-","-","-","",""
"Cathay Cineleisure Orchard","SAM","8 Grange Road, [Level 1 near Lift Lobby]","1.30164","103.8364","","1000","2200","1000","2200","1000","2200","1000","2200","1000","2200","1000","2200","1000","2200","1000","2200","",""
"Central Public Library","SAM","100 Victoria Street [Level 1, behind Book Drop Area]","1.29753","103.85423","","-","-","-","-","-","-","-","-","-","-","-","-","-","-","-","-","",""
"Centrepoint Shopping Centre","SAM","176 Orchard Road, Basement 1 [At ATM Auto Lobby]","1.30137","103.84001","","1000","2200","1000","2200","1000","2200","1000","2200","1000","2200","1000","2200","1000","2200","1000","2200","",""
"Century Sq Shopping Centre","SAM","2 Tampines Central 5 Century Square Shopping Centre, (Outside building, along covered walkway)","1.35236","103.94379","","-","-","-","-","-","-","-","-","-","-","-","-","-","-","-","-","",""
"Chai Chee Road","SAM","Blk 26 Chai Chee Road [pillar near Lift Lobby B / letter boxes]","1.32331","103.92362","","-","-","-","-","-","-","-","-","-","-","-","-","-","-","-","-","",""
"Change Alley PO - 1 [Weighing Scale]","SAM","16 Collyer Quay #02-02 Hitachi Tower","1.28389","103.85251","","-","-","-","-","-","-","-","-","-","-","-","-","-","-","-","-","",""
"Change Alley PO - 2","SAM","16 Collyer Quay #02-02 Hitachi Tower","1.28389","103.85251","","-","-","-","-","-","-","-","-","-","-","-","-","-","-","-","-","",""
"Changi Airport T1 [Weighing Scale]","SAM","Departure Hall #02-K34 [end of Row 10, next to escalator]","1.35397","103.98694","","-","-","-","-","-","-","-","-","-","-","-","-","-","-","-","-","",""
"Changi Airport T2 PO","SAM","Terminal 2 Departure Hall Unit #026-39","1.35608","103.98935","","-","-","-","-","-","-","-","-","-","-","-","-","-","-","-","-","",""
"Changi Airport T3","SAM","Departure Hall, Basement 2 SOUTH [Outside NTUC Fairprice @ AutoLobby]","1.36123","103.99027","","-","-","-","-","-","-","-","-","-","-","-","-","-","-","-","-","",""
"Changi Business Park","SAM","15A Changi Business Park Central 1, Eightrium Level 1 (Office Lobby Area)","1.33758","103.96461","","-","-","-","-","-","-","-","-","-","-","-","-","-","-","-","-","",""
"Changi General Hospital","SAM","2 Simei Street 3 [outside 7-Eleven unit L1-05]","1.34069","103.94935","","-","-","-","-","-","-","-","-","-","-","-","-","-","-","-","-","",""
"Chevron House","SAM","30 Raffles Place [Auto Lobby, near lift]","1.28419","103.85195","","-","-","-","-","-","-","-","-","-","-","-","-","-","-","-","-","",""
"Chinatown NEL Station ","SAM","151 New Bridge Road Concourse Level, Basement 1","1.28391","103.84334","","630","2330","630","2330","630","2330","630","2330","630","2330","630","2330","630","2330","630","2330","",""
"Chinatown Post Office","SAM","101 Upper Cross Street #B1-17A People's Park Center","1.28568","103.84395","","1000","2200","1000","2200","1000","2200","1000","2200","1000","2200","1000","2200","1000","2200","1000","2200","",""
"Choa Chu Kang Avenue 2 ","SAM","Blk 254 Choa Chu Kang Avenue 2 [beside Keat Hong Shopping Centre]","1.37819","103.74398","","-","-","-","-","-","-","-","-","-","-","-","-","-","-","-","-","",""
"Choa Chu Kang Avenue 4, Blk 303 ","SAM","Blk 303 Choa Chu Kang Ave 4, [outside 7-eleven]","1.38455","103.7438","","-","-","-","-","-","-","-","-","-","-","-","-","-","-","-","-","",""
"Choa Chu Kang Bus In'tchge","SAM","301 Choa Chu Kang Ave 4","1.38534","103.74374","","-","-","-","-","-","-","-","-","-","-","-","-","-","-","-","-","",""
"Choa Chu Kang Central PO [Weighing Scale]","SAM","Blk 309 Choa Chu Kang Avenue 4 #01-03 Choa Chu Kang Centre","1.38497","103.7458","","-","-","-","-","-","-","-","-","-","-","-","-","-","-","-","-","",""
"Choa Chu Kang MRT Station ","SAM","10 Choa Chu Kang Avenue 4 [Passageway facing Lot 1 Shopping Ctr]","1.3841","103.7436","","-","-","-","-","-","-","-","-","-","-","-","-","-","-","-","-","",""
"City Hall MRT Station","SAM","150 North Bridge Road Concourse Level","1.29299","103.85254","","630","2330","630","2330","630","2330","630","2330","630","2330","630","2330","630","2330","630","2330","",""
"City Square Mall","SAM","180 Kitchener Road, [Basement 2]","1.31169","103.85564","","1000","2200","1000","2200","1000","2200","1000","2200","1000","2200","1000","2200","1000","2200","1000","2200","",""
"Clementi Avenue 3 ","SAM","Blk 451 Clementi Avenue 3","1.31265","103.76568","","-","-","-","-","-","-","-","-","-","-","-","-","-","-","-","-","",""
"Clementi Central PO - 1 ","SAM","Blk 443 Clementi Avenue 3 #01-65/67","1.31423","103.76403","","-","-","-","-","-","-","-","-","-","-","-","-","-","-","-","-","",""
"Clementi Central PO - 2","SAM","Blk 443 Clementi Avenue 3 #01-65/67","1.31423","103.76403","","-","-","-","-","-","-","-","-","-","-","-","-","-","-","-","-","",""
"Clementi HDB Branch Office","SAM","Blk 453 Clementi Ave 3","1.31211","103.76576","","-","-","-","-","-","-","-","-","-","-","-","-","-","-","-","-","",""
"Clementi MRT Station","SAM","3150 Commonwealth Avenue West [Concourse level near to ATM]","1.31523","103.76517","","-","-","-","-","-","-","-","-","-","-","-","-","-","-","-","-","",""
"Clementi West PO","SAM","Blk 727 Clementi West Street 2 #01-286","1.30434","103.76342","","-","-","-","-","-","-","-","-","-","-","-","-","-","-","-","-","",""
"Comcentre","SAM","31B Exeter Road [passageway facing Killiney Road]","1.29894","103.83893","","-","-","-","-","-","-","-","-","-","-","-","-","-","-","-","-","",""
"Compass Point","SAM","1 Sengkang Square Level 1 [near taxi stand]","1.39205","103.89506","","-","-","-","-","-","-","-","-","-","-","-","-","-","-","-","-","",""
"Compassvale Link","SAM","Blk 275D Compassvale Link (At pillar outside Bake Inc Bakery)","1.38276","103.89392","","-","-","-","-","-","-","-","-","-","-","-","-","-","-","-","-","",""
"Costa Del Sol [SAMplus/Posting Box/Smart Locker] ","SAM","74 Bayshore Road #01-34","1.31115","103.9393","","-","-","-","-","-","-","-","-","-","-","-","-","-","-","-","-","",""
"Costa Rhu [SAMplus/Posting Box/Smart Locker]","SAM","1 Rhu Cross Clubhouse","1.29611","103.86723","","-","-","-","-","-","-","-","-","-","-","-","-","-","-","-","-","",""
"Crawford PO ","SAM","Blk 15 Beach Road #01-4685","1.30355","103.86349","","-","-","-","-","-","-","-","-","-","-","-","-","-","-","-","-","",""
"Depot Road Shopping Centre","SAM","Blk 108 Depot Road Depot Heights Shopping Centre [near NTUC Fairprice]","1.28096","103.81051","","-","-","-","-","-","-","-","-","-","-","-","-","-","-","-","-","",""
"DownTown East","SAM","2nd flr E!Hub (above escalator) Pasir Ris Close","","","","1000","2200","1000","2200","1000","2200","1000","2200","1000","2200","1000","2200","1000","2200","1000","2200","",""
"Elias Mall","SAM","Blk 625 Elias Road","1.37857","103.94199","","800","2200","800","2200","800","2200","800","2200","800","2200","800","2200","800","2200","800","2200","",""
"Eunos MRT Station","SAM","30 Eunos Crescent Concourse Level","1.31992","103.90286","","-","-","-","-","-","-","-","-","-","-","-","-","-","-","-","-","",""
"Fajar Shopping Centre ","SAM","Blk 445 Fajar Road Fajar Shopping Centre [ATM Centre]","1.38398","103.77029","","-","-","-","-","-","-","-","-","-","-","-","-","-","-","-","-","",""
"Far East Square","SAM","135 Amoy Street Far East Square [corner near #01-01]","1.28313","103.84821","","800","2200","800","2200","800","2200","800","2200","800","2200","800","2200","800","2200","800","2200","",""
"Fernvale Point ","SAM","21 Sengkang West Avenue Fernvale Point [beside Koufu Food Court]","1.39172","103.87682","","-","-","-","-","-","-","-","-","-","-","-","-","-","-","-","-","",""
"Funan The IT Mall","SAM","109 North Bridge Road Funan The IT Mall [near Ya Kun]","1.29131","103.85008","","800","2300","800","2300","800","2300","800","2300","800","2300","800","2300","800","2300","800","2300","",""
"Gek Poh Shopping Centre","SAM","Blk 762 Jurong West Street 75 Gek Poh Shopping Centre [side entrance leading to market]","1.34863","103.69755","","-","-","-","-","-","-","-","-","-","-","-","-","-","-","-","-","",""
"Geylang Bahru","SAM","Blk 68 Geylang Bahru [walkway near #01-3227]","1.32191","103.86985","","-","-","-","-","-","-","-","-","-","-","-","-","-","-","-","-","",""
"Geylang East PO","SAM","Blk 119 Aljunied Avenue 2 #01-22","1.32105","103.88641","","-","-","-","-","-","-","-","-","-","-","-","-","-","-","-","-","",""
"Geylang PO","SAM","447 Geylang Road","1.31323","103.88232","","-","-","-","-","-","-","-","-","-","-","-","-","-","-","-","-","",""
"Ghim Moh Estate PO [Weighing Scale]","SAM","Blk 21 Ghim Moh Road #01-225","1.3101","103.78855","","-","-","-","-","-","-","-","-","-","-","-","-","-","-","-","-","",""
"Great World City","SAM","1 Kim Seng Promenade [Lobby entrance of Promenade Link]","1.29348","103.83198","","-","-","-","-","-","-","-","-","-","-","-","-","-","-","-","-","",""
"Greenridge Shopping Centre","SAM","524A Jelapang Road Greenridge Shopping Centre [Auto lobby]","1.38541","103.76623","","-","-","-","-","-","-","-","-","-","-","-","-","-","-","-","-","",""
"HarbourFront Central PO","SAM","1 Maritime Square #03-22 HarbourFront Centre","1.26482","103.819","","-","-","-","-","-","-","-","-","-","-","-","-","-","-","-","-","",""
"HarbourFront NEL Station","SAM","1 Telok Blangah Road Concourse Level - Basement 1","1.26533","103.82071","","630","2330","630","2330","630","2330","630","2330","630","2330","630","2330","630","2330","630","2330","",""
"HDB Hub","SAM","480 Lorong 6 Toa Payoh [near lift outside Fire Command Centre]","1.33207","103.84849","","800","2200","800","2200","800","2200","800","2200","800","2200","800","2200","800","2200","800","2200","",""
"Hougang Avenue 8 Blk 683","SAM","Blk 683 Hougang Avenue 8 [near #01-915]","1.37332","103.88637","","-","-","-","-","-","-","-","-","-","-","-","-","-","-","-","-","",""
"Hougang Central Blk 809","SAM","Blk 809 Hougang Central [outside #01-164]","1.37125","103.89385","","-","-","-","-","-","-","-","-","-","-","-","-","-","-","-","-","",""
"Hougang Central PO - 1 [Weighing Scale]","SAM","90 Hougang Avenue 10 #04-15A Hougang Mall","1.37283","103.89357","","930","2200","930","2200","930","2200","930","2200","930","2200","930","2200","930","2200","930","2200","",""
"Hougang Central PO - 2","SAM","90 Hougang Avenue 10 #04-15A Hougang Mall","1.37283","103.89357","","930","2200","930","2200","930","2200","930","2200","930","2200","930","2200","930","2200","930","2200","",""
"Hougang Green","SAM","21 Hougang Street 51 Hougang Green Shopping Mall","1.37932","103.88785","","-","-","-","-","-","-","-","-","-","-","-","-","-","-","-","-","",""
"Hougang HDB Branch Office","SAM","814 Hougang Avenue 10, #01-500, Hougang HDB branch office (Outside entrance)","1.37214","103.89326","","-","-","-","-","-","-","-","-","-","-","-","-","-","-","-","-","",""
"Hougang Street 21 Blk 205 ","SAM","Blk 205 Hougang Street 21 [outside Heartland Mall - facing Kovan NEL station]","1.35955","103.88517","","-","-","-","-","-","-","-","-","-","-","-","-","-","-","-","-","",""
"IMM - 2","SAM","2 Jurong East St 21 IMM Building, Level 1 [ATM Centre, Opposite Giant]
","1.335","103.74689","","1000","2200","1000","2200","1000","2200","1000","2200","1000","2200","1000","2200","1000","2200","1000","2200","",""
"IMM -3","SAM","2 Jurong East St 21 IMM Building, Level 2 [wall space near Kopitiam food Court: 02-69]","1.335","103.74689","","1000","2200","1000","2200","1000","2200","1000","2200","1000","2200","1000","2200","1000","2200","1000","2200","",""
"IMM PO","SAM","2 Jurong East Street 21 #02-55 IMM Building","1.335","103.74689","","930","2200","930","2200","930","2200","930","2200","930","2200","930","2200","930","2200","930","2200","",""
"ITE College East","SAM","10 Simei Avenue","1.33573","103.95587","","800","2145","800","2145","800","2145","800","2145","800","2145","Closed","Closed","Closed","Closed","Closed","Closed","",""
"Joo Koon MRT","SAM","91 Joo Koon Circle [At Concourse area]","1.32767","103.67828","","-","-","-","-","-","-","-","-","-","-","-","-","-","-","-","-","",""
"Jurong East MRT Station-1 ","SAM","10 Jurong East St.12 Concourse Level [Near escalator]","1.33401","103.74205","","-","-","-","-","-","-","-","-","-","-","-","-","-","-","-","-","",""
"Jurong East St 32, Blk 303 ","SAM","Blk 303 Jurong East St 32 [near stairwell]","1.3449","103.73566","","-","-","-","-","-","-","-","-","-","-","-","-","-","-","-","-","",""
"Jurong East Street 13 Blk 135","SAM","Blk 135 Jurong East street 13 [outside NTUC 4-D outlet]","1.33387","103.73977","","-","-","-","-","-","-","-","-","-","-","-","-","-","-","-","-","",""
"Jurong East Street 24 Blk 253 ","SAM","Blk 253 Jurong East Street 24 [passageway outside #01-263]","1.34324","103.73699","","-","-","-","-","-","-","-","-","-","-","-","-","-","-","-","-","",""
"Jurong East Street 31 Blk 345","SAM","Blk 345 Jurong East Street 31 [near #01-15]","1.34567","103.73135","","-","-","-","-","-","-","-","-","-","-","-","-","-","-","-","-","",""
"Jurong Point PO - 2","SAM","1 Jurong West Central 2 #B1-45 Jurong Point","1.34048","103.70672","","930","2200","930","2200","930","2200","930","2200","930","2200","930","2200","930","2200","930","2200","",""
"Jurong Point PO - 4","SAM","1 Jurong West Central 2 #B1-45 Jurong Point","1.34048","103.70672","","930","2200","930","2200","930","2200","930","2200","930","2200","930","2200","930","2200","930","2200","",""
"Jurong Regional Library","SAM","21 Jurong East Central 1 [Level 1 Auto Lobby, outside main entrance]","1.33317","103.73925","","-","-","-","-","-","-","-","-","-","-","-","-","-","-","-","-","",""
"Jurong Town Council (Jurong East HDB Branch Office)","SAM","Blk 255 Jurong East Street 24, #01-303 [outside wall space near fountain]","1.34437","103.7379","","-","-","-","-","-","-","-","-","-","-","-","-","-","-","-","-","",""
"Jurong West PO","SAM","Blk 492 Jurong West Street 41 #01-42","1.34982","103.72493","","-","-","-","-","-","-","-","-","-","-","-","-","-","-","-","-","",""
"Jurong West Street 51","SAM","Blk 509 Jurong West Street 51 [outside West Coast - Ayer Rajah Town Council]","1.34898","103.71917","","-","-","-","-","-","-","-","-","-","-","-","-","-","-","-","-","",""
"Jurong West Street 52","SAM","Jurong Spring CC [wall space of annexe building on the right] 8 Jurong West Street 52","1.34876","103.71792","","-","-","-","-","-","-","-","-","-","-","-","-","-","-","-","-","",""
"Jurong West Street 91","SAM","Blk 962 Jurong West Street 91 [near entrance of Prime Supermarket]","1.34191","103.69126","","-","-","-","-","-","-","-","-","-","-","-","-","-","-","-","-","",""
"Kallang MRT Station","SAM","5 Sims Avenue Concourse Level - near UOB ATM","1.31149","103.87135","","-","-","-","-","-","-","-","-","-","-","-","-","-","-","-","-","",""
"Katong PO","SAM","373 Tanjong Katong Road","1.30307","103.89709","","-","-","-","-","-","-","-","-","-","-","-","-","-","-","-","-","",""
"Khatib MRT ","SAM","201 Yishun Ave 2 [Next to UOB ATM and phone booth]","1.41736","103.83292","","","","","","","","","","","","","","","","","","",""
"Killiney PO ","SAM","1 Killiney Road","1.30025","103.84069","","-","-","-","-","-","-","-","-","-","-","-","-","-","-","-","-","",""
"Kitchener Road PO","SAM","181 Kitchener Road New Park Hotel Shopping Arcade","1.31022","103.85572","","-","-","-","-","-","-","-","-","-","-","-","-","-","-","-","-","",""
"KK Women's And Children's Hospital","SAM","100 Bukit Timah Road [Outside Kopitiam food court]","1.31051","103.84681","","-","-","-","-","-","-","-","-","-","-","-","-","-","-","-","-","",""
"Lakeside MRT Station","SAM","201 Boon Lay Way","1.34415","103.72056","","-","-","-","-","-","-","-","-","-","-","-","-","-","-","-","-","",""
"Lavender MRT Station","SAM","50 Kallang Road [Concourse level near to DBS ATM]","1.30739","103.86279","","-","-","-","-","-","-","-","-","-","-","-","-","-","-","-","-","",""
"Leisure Park, Kallang","SAM","5 Stadium Walk, Leisure Park Kallang [Level 1, behind information counter]","1.30234","103.87643","","1000","2200","1000","2200","1000","2200","1000","2200","1000","2200","1000","2200","1000","2200","1000","2200","",""
"Limbang Shopping Centre","SAM","Blk 533 Choa Chu Kang Street 51 Limbang Shopping Centre [next to McDonald]","1.39207","103.7431","","-","-","-","-","-","-","-","-","-","-","-","-","-","-","-","-","",""
"Little India NEL Station ","SAM","60 Bukit Timah Road Concourse Level, Basement 1","1.30728","103.84995","","630","2330","630","2330","630","2330","630","2330","630","2330","630","2330","630","2330","630","2330","",""
"Lorong Ah Soo (Hougang)","SAM","Blk 110 Hougang Avenue 1 [next to letter boxes]","1.35473","103.88968","","-","-","-","-","-","-","-","-","-","-","-","-","-","-","-","-","",""
"MacPherson Road PO [Weighing Scale] ","SAM","70 MacPherson Road","1.32839","103.87138","","-","-","-","-","-","-","-","-","-","-","-","-","-","-","-","-","",""
"Mail Boxes Express","SAM","Beauty World Centre 144 Bukit Timah Road #04-16/17","1.31118","103.84348","","830","2300","830","2300","830","2300","830","2300","830","2300","830","2300","830","2300","830","2300","",""
"Marine Parade Centre","SAM","1 Marine Parade Central [near McDonalds]","1.30189","103.906","","-","-","-","-","-","-","-","-","-","-","-","-","-","-","-","-","",""
"Marine Parade PO - 2","SAM","Blk 86 Marine Parade Central #01-670","1.30173","103.90674","","-","-","-","-","-","-","-","-","-","-","-","-","-","-","-","-","",""
"Marsiling Lane Blk 19","SAM","Blk 19 Marsiling Lane [near #01-315]","1.44362","103.77739","","-","-","-","-","-","-","-","-","-","-","-","-","-","-","-","-","",""
"Marsiling MRT Station ","SAM","71 Woodlands Avenue 3 Level 1, Concourse Area","1.43263","103.77405","","-","-","-","-","-","-","-","-","-","-","-","-","-","-","-","-","",""
"Millenia Walk","SAM","9 Raffles Boulevard Level 2 Corridor to Koufu Foodcourt [opposite MHMS Money Changer]","1.29297","103.85934","","1000","2200","1000","2200","1000","2200","1000","2200","1000","2200","1000","2200","1000","2200","1000","2200","",""
"Ministry of Education","SAM","1 North Buona Vista Drive (passageway to Office Tower beside POSB ATM)","1.3051","103.79087","","800","2200","800","2200","800","2200","800","2200","800","2200","800","2200","800","2200","800","2200","",""
"Nanyang Polytechnic (Ang Mo Kio Campus) ","SAM","180 Ang Mo Kio Avenue 8 Blk A Level 2, Auto Lobby","1.37861","103.84983","","800","2200","800","2200","800","2200","800","2200","800","2200","800","2200","800","2200","800","2200","",""
"National Institute of Education (NIE)","SAM","Blk 4 Canteen Nanyang Crescent","1.35137","103.68187","","-","-","-","-","-","-","-","-","-","-","-","-","-","-","-","-","",""
"National University Hospital","SAM","5 Lower Kent Ridge Road Level [Auto Lobby - main building]","1.29441","103.78188","","-","-","-","-","-","-","-","-","-","-","-","-","-","-","-","-","",""
"New Upper Changi Road Blk 59","SAM","Blk 59 New Upper Changi Road [near letter boxes]","1.32446","103.94067","","-","-","-","-","-","-","-","-","-","-","-","-","-","-","-","-","",""
"nex @ Serangoon Central","SAM","23 Serangoon Central #B1-K7 nex","1.35075","103.8728","","1030","2230","1030","2230","1030","2230","1030","2230","1030","2230","1030","2230","1030","2230","1030","2230","",""
"Ngee Ann Poytechnic ","SAM","535 Clementi Road Blk 1, Atrium","1.33315","103.77489","","800","2200","800","2200","800","2200","800","2200","800","2200","800","2200","800","2200","800","2200","",""
"Novena MRT Station ","SAM","250 Thomson Road Concourse Level","1.32046","103.84384","","630","2330","630","2330","630","2330","630","2330","630","2330","630","2330","630","2330","630","2330","",""
"Novena PO","SAM","55 Newton Road #01-02 Revenue House","1.31911","103.8422","","-","-","-","-","-","-","-","-","-","-","-","-","-","-","-","-","",""
"NTU - 1 ","SAM","50 Nanyang Avenue [near entrance of Canteen B]","1.34463","103.68176","","800","2200","800","2200","800","2200","800","2200","800","2200","800","2200","800","2200","800","2200","",""
"NTU - 2","SAM","50 Nanyang Avenue Main North Spine Level 1 [near Canteen A]","1.34463","103.68176","","800","2200","800","2200","800","2200","800","2200","800","2200","800","2200","800","2200","800","2200","",""
"NUS, Bukit Timah Campus","SAM","Student Hub Blk B 469 Bukit Timah Road","1.31595","103.8177","","-","-","-","-","-","-","-","-","-","-","-","-","-","-","-","-","",""
"Orchard MRT Station","SAM","437 Orchard Road,Level 1 [near phone booth]","1.30447","103.83245","","-","-","-","-","-","-","-","-","-","-","-","-","-","-","-","-","",""
"Orchard PO","SAM","2 Orchard Turn #B2-62 ION Orchard","1.30425","103.83217","","930","2300","930","2300","930","2300","930","2300","930","2300","930","2300","930","2300","930","2300","",""
"Outram MRT Station ","SAM","10 Outram Road [Basement, near POSB]","1.28136","103.83917","","630","2330","630","2330","630","2330","630","2330","630","2330","630","2330","630","2330","630","2330","",""
"Outram NEL Station ","SAM","300 Eu Tong Sen Street Concourse Level, Basement 3","1.27974","103.83951","","630","2330","630","2330","630","2330","630","2330","630","2330","630","2330","630","2330","630","2330","",""
"Parc Oasis","SAM","55 Jurong East Ave 1 Clubhouse","1.34333","103.7332","","-","-","-","-","-","-","-","-","-","-","-","-","-","-","-","-","",""
"Pasir Ris Central PO","SAM","1 Pasir Ris Central Street 3 #04-13 White Sands","1.37244","103.94986","","930","2200","930","2200","930","2200","930","2200","930","2200","930","2200","930","2200","930","2200","",""
"Pasir Ris Drive 6 Blk 444","SAM","Blk 444 Pasir Ris Drive 6 [outside coffee shop]","1.37","103.95749","","-","-","-","-","-","-","-","-","-","-","-","-","-","-","-","-","",""
"Pasir Ris Loyang Point","SAM","Blk 258 Pasir Ris Street 21 Loyang Point [side entrance to Sheng Siong]","1.3664","103.96458","","-","-","-","-","-","-","-","-","-","-","-","-","-","-","-","-","",""
"Pasir Ris MRT Station","SAM","10 Pasir Ris Central [facing POSB ATM at passageway beside White Sand Shopping Ctr]","1.3664","103.96458","","-","-","-","-","-","-","-","-","-","-","-","-","-","-","-","-","",""
"Pasir Ris West Plaza","SAM","Blk 735 Pasir Ris Street 71 [near #01-306 / UOB ATM]","1.37606","103.93646","","-","-","-","-","-","-","-","-","-","-","-","-","-","-","-","-","",""
"Pasir Ris-Punggol Compassvale","SAM","Blk 248 Compassvale Road [Near #01-618]","1.39199","103.89857","","-","-","-","-","-","-","-","-","-","-","-","-","-","-","-","-","",""
"Pasir Ris-Punggol Town Council (Pasir Ris Office)","SAM","Pasir Ris Office Blk 577 Pasir Ris Street 53 #01-88","1.37348","103.94704","","-","-","-","-","-","-","-","-","-","-","-","-","-","-","-","-","",""
"People's Park Complex","SAM","1 Park Road (outside #01-83)","1.28413","103.84259","","930","2200","930","2200","930","2200","930","2200","930","2200","930","2200","930","2200","930","2200","",""
"Pioneer Mall","SAM","Blk 638/638A Jurong West Street 61 Pioneer Mall [near #01-04]","1.34168","103.69718","","-","-","-","-","-","-","-","-","-","-","-","-","-","-","-","-","",""
"Pioneer Mall - 2","SAM","Blk 638/638A Jurong West Street 61 Pioneer Mall [wallspace outside Koufu Food Court]","1.34168","103.69718","","-","-","-","-","-","-","-","-","-","-","-","-","-","-","-","-","",""
"Pioneer Road Post Office","SAM","51 Soon Lee Road , Unit 01/13/14/15, SCAL Recreation Centre","1.33194","103.69893","","-","-","-","-","-","-","-","-","-","-","-","-","-","-","-","-","",""
"Potong Pasir NEL Station ","SAM","55 Upper Serangoon Road Concourse Level, Basement 1","1.33124","103.86904","","630","2330","630","2330","630","2330","630","2330","630","2330","630","2330","630","2330","630","2330","",""
"Punggol Drive Blk 639","SAM","Blk 639 Punggol Drive [passageway outside #01-K2]","1.39943","103.91628","","-","-","-","-","-","-","-","-","-","-","-","-","-","-","-","-","",""
"Punggol Field Blk 110A","SAM","Blk 110A Punggol Field [passageway outside Prime Supermarket]","1.39604","103.90915","","-","-","-","-","-","-","-","-","-","-","-","-","-","-","-","-","",""
"Punggol Field Blk 198","SAM","Blk 198 Punggol Field [passageway facing Econ Minimart,near POSBank ATM]","1.39939","103.90649","","-","-","-","-","-","-","-","-","-","-","-","-","-","-","-","-","",""
"Punggol NEL Station","SAM","70 Punggol Central Concourse Level, Ground Floor","1.40489","103.90234","","-","-","-","-","-","-","-","-","-","-","-","-","-","-","-","-","",""
"Punggol Plaza","SAM","Blk 168 Punggol Field Punggol Plaza [main entrance, near Hang Ten #01-05]","1.39426","103.91304","","-","-","-","-","-","-","-","-","-","-","-","-","-","-","-","-","",""
"Queenstown MRT Station","SAM","301 Commonwealth Avenue Concourse Level [next to 7-eleven]","1.29419","103.8061","","-","-","-","-","-","-","-","-","-","-","-","-","-","-","-","-","",""
"Queensway Shopping Centre","SAM","1 Queensway, Queensway Shopping Centre [Ground Floor Podium Block]","1.28762","103.80339","","-","-","-","-","-","-","-","-","-","-","-","-","-","-","-","-","",""
"Raffles Place MRT Station ","SAM","5 Raffles Place Concourse Level [near escalator leading to Exit B]","1.28393","103.85146","","630","2330","630","2330","630","2330","630","2330","630","2330","630","2330","630","2330","630","2330","",""
"Redhill MRT Station","SAM","920 Tiong Bahru Road Level 1 [next to staircase entrance]","1.28993","103.81685","","-","-","-","-","-","-","-","-","-","-","-","-","-","-","-","-","",""
"Regent Heights [SAMplus/Posting Box/Smart Locker]","SAM","54 Bukit Batok East Ave 5#01-01","1.35282","103.75643","","-","-","-","-","-","-","-","-","-","-","-","-","-","-","-","-","",""
"Republic Polytechnic","SAM","9 Woodlands Avenue 9 Republic Polytechnic Centre","1.44566","103.78415","","-","-","-","-","-","-","-","-","-","-","-","-","-","-","-","-","",""
"Rivervale Mall ","SAM","11 Rivervale Crescent, Rivervale Mall Level 2 [@ Escalator]","1.39211","103.90392","","1000","2200","1000","2200","1000","2200","1000","2200","1000","2200","1000","2200","1000","2200","1000","2200","",""
"Rivervale Plaza","SAM","Blk 118 Rivervale Drive , Rivervale Plaza [near #01-07] Facing NTUC Fairprice Entrance","1.38555","103.90196","","-","-","-","-","-","-","-","-","-","-","-","-","-","-","-","-","",""
"Rivervale Plaza-2","SAM","Blk 118 Rivervale Drive , Rivervale Plaza [near #01-07] Facing NTUC Fairprice Entrance","1.38555","103.90196","","-","-","-","-","-","-","-","-","-","-","-","-","-","-","-","-","",""
"Robinson Road PO","SAM","79 Robinson Road #01-06 CPF Building","1.27725","103.84801","","-","-","-","-","-","-","-","-","-","-","-","-","-","-","-","-","",""
"Rochor PO","SAM","Blk 1 Rochor Road #01-560","1.30207","103.85504","","-","-","-","-","-","-","-","-","-","-","-","-","-","-","-","-","",""
"Sanctuary Greens [SAMplus/Posting Box/Smart Locker]","SAM","189 Tanjong Rhu Road #01-02","1.2965","103.8712","","-","-","-","-","-","-","-","-","-","-","-","-","-","-","-","-","",""
"Sembawang Bus Interchange","SAM","11-A Sembawang Vista","1.44716","103.81987","","-","-","-","-","-","-","-","-","-","-","-","-","-","-","-","-","",""
"Sembawang Crescent ","SAM","2 Sembawang Crescent [Outside entrance of Community Club]","1.44497","103.81963","","-","-","-","-","-","-","-","-","-","-","-","-","-","-","-","-","",""
"Sembawang HDB Branch Office","SAM","Blk 355A Sembawang Way [Level 1, Outside Lift lobby]","1.44962","103.8189","","-","-","-","-","-","-","-","-","-","-","-","-","-","-","-","-","",""
"Sembawang Mart","SAM","Blk 511 Canberra Road Level 1 [next to escalator]","1.4535","103.81949","","-","-","-","-","-","-","-","-","-","-","-","-","-","-","-","-","",""
"Sembawang MRT Station - 1 [Weighing Scale]","SAM","11 Canberra Road [behind unit #01-04 facing Sun Plaza]","1.44903","103.82014","","-","-","-","-","-","-","-","-","-","-","-","-","-","-","-","-","",""
"Sembawang MRT Station - 2","SAM","11 Canberra Road [behind unit #01-04 facing Sun Plaza]","1.44903","103.82014","","-","-","-","-","-","-","-","-","-","-","-","-","-","-","-","-","",""
"Sembawang Shopping Centre","SAM","604 Sembawang Road [Basement 1, Lift Lobby]","1.44144","103.82487","","1000","2200","1000","2200","1000","2200","1000","2200","1000","2200","1000","2200","1000","2200","1000","2200","",""
"Sengkang Central PO ","SAM","2 Sengkang Square #03-01 Sengkang Community Hub","1.39274","103.89426","","930","2200","930","2200","930","2200","930","2200","930","2200","930","2200","930","2200","930","2200","",""
"Sengkang NEL Station - 1 ","SAM","5 Sengkang Square Concourse Level, Ground Floor","1.39161","103.89544","","-","-","-","-","-","-","-","-","-","-","-","-","-","-","-","-","",""
"Sengkang NEL Station - 2 ","SAM","5 Sengkang Square Concourse Level, Ground Floor","1.39161","103.89544","","-","-","-","-","-","-","-","-","-","-","-","-","-","-","-","-","",""
"Sentosa Cove [SAMplus/Posting Box/Smart Locker]","SAM","1 Cove Avenue Sentosa Cove Arrival Plaza, #02-K3","1.24694","103.83999","","-","-","-","-","-","-","-","-","-","-","-","-","-","-","-","-","",""
"Serangoon Central Drive, Blk 266 ","SAM","Blk 266 Serangoon Central Drive, [outside Shop N Save]","1.35323","103.87147","","-","-","-","-","-","-","-","-","-","-","-","-","-","-","-","-","",""
"Serangoon Central PO [Weighing Scale]","SAM","Blk 261 Serangoon Central Drive#01-05/07","1.35394","103.87235","","-","-","-","-","-","-","-","-","-","-","-","-","-","-","-","-","",""
"Serangoon Garden PO","SAM","54 Serangoon Garden Way Singapore 550261","1.36385","103.86672","","-","-","-","-","-","-","-","-","-","-","-","-","-","-","-","-","",""
"Serangoon NEL Station","SAM","600 Upper Serangoon Road Concourse Level, Basement 1","1.34932","103.87351","","630","2330","630","2330","630","2330","630","2330","630","2330","630","2330","630","2330","630","2330","",""
"Serangoon North - 2","SAM","Blk 153 Serangoon North Avenue 1 [near POSB ATM, #01-536]","1.36995","103.87231","","-","-","-","-","-","-","-","-","-","-","-","-","-","-","-","-","",""
"Serangoon North -1 ","SAM","Blk 153 Serangoon North Avenue 1 [near POSB ATM, #01-536]","1.36995","103.87231","","-","-","-","-","-","-","-","-","-","-","-","-","-","-","-","-","",""
"Siglap PO","SAM","10 Palm Avenue","1.31343","103.93002","","-","-","-","-","-","-","-","-","-","-","-","-","-","-","-","-","",""
"Simei MRT Station ","SAM","30 Simei Street 3 Concourse Level","1.33179","103.94777","","630","2330","630","2330","630","2330","630","2330","630","2330","630","2330","630","2330","630","2330","",""
"Simpang Bedok PO","SAM","350 Bedok Road","1.33182","103.94777","","-","-","-","-","-","-","-","-","-","-","-","-","-","-","-","-","",""
"SIMS Drive HDB Branch Office","SAM","Blk 61, Sims Drive #01-130 [outside office]","1.31676","103.87885","","-","-","-","-","-","-","-","-","-","-","-","-","-","-","-","-","",""
"Singapore General Hospital","SAM","1 Hospital Drive Blk 4 Singapore General Hospital [outside Admission Office]","1.2799","103.83504","","-","-","-","-","-","-","-","-","-","-","-","-","-","-","-","-","",""
"Singapore Institute of Management (SIM)","SAM","461 Clementi Road [outside Library]","1.32901","103.77719","","800","2200","800","2200","800","2200","800","2200","800","2200","800","2200","800","2200","800","2200","",""
"Singapore Management University","SAM","60 Stamford Road School of Accountancy [Basement Concourse]","1.29573","103.84973","","800","2200","800","2200","800","2200","800","2200","800","2200","800","2200","800","2200","800","2200","",""
"Singapore Polytechnic","SAM","500 Dover Road T19 Atrium [Beside SP E-Finance Machine]
","1.30942","103.77961","","800","2200","800","2200","800","2200","800","2200","800","2200","800","2200","800","2200","800","2200","",""
"Singapore Post Centre PO - 1 [SAMplus / Posting Box / Smart Locker]","SAM","10 Eunos Road 8 Basement 2","1.31894","103.89458","","600","1200","600","1200","600","1200","600","1200","600","1200","600","1200","600","1200","600","1200","",""
"Singapore Post Centre PO - 2","SAM","10 Eunos Road 8 #01-02 Singapore Post Centre","1.31894","103.89458","","-","-","-","-","-","-","-","-","-","-","-","-","-","-","-","-","",""
"Sun Plaza","SAM","30 Sembawang Drive, Level 3 [near escalator / POSBank ATM]","1.4482","103.8195","","1000","2200","1000","2200","1000","2200","1000","2200","1000","2200","1000","2200","1000","2200","1000","2200","",""
"Sun Plaza PO","SAM","30 Sembawang Drive B1-07 Sun Plaza","1.44842","103.81907","","930","2200","930","2200","930","2200","930","2200","930","2200","930","2200","930","2200","930","2200","",""
"Sunshine Place","SAM","475 Choa Chu Kang Avenue 3 [behind Information Counter]","1.3779","103.73902","","-","-","-","-","-","-","-","-","-","-","-","-","-","-","-","-","",""
"Suntec City PO","SAM","3 Temasek Boulevard #03-001/003 Suntec City Mall","1.29469","103.85741","","930","2200","930","2200","930","2200","930","2200","930","2200","930","2200","930","2200","930","2200","",""
"Taman Jurong Shopping Centre","SAM","Blk 399 Yung Seng Road Taman Jurong Shopping Centre [outside NTUC]","1.33452","103.72058","","-","-","-","-","-","-","-","-","-","-","-","-","-","-","-","-","",""
"Tampines Avenue 4","SAM","Blk 811 Tampines Avenue 4 [Void Deck, near public phone]","1.34656","103.93734","","-","-","-","-","-","-","-","-","-","-","-","-","-","-","-","-","",""
"Tampines Central Community Complex","SAM","Blk 866A Tampines St 83, (Level 1, At Entrance glass panel)","1.35539","103.93443","","800","2200","800","2200","800","2200","800","2200","800","2200","800","2200","800","2200","800","2200","",""
"Tampines Central PO - 1 [Weighing Scale]","SAM","1 Tampines Central 5 #01-03 CPF Tampines Building","1.35315","103.9435","","-","-","-","-","-","-","-","-","-","-","-","-","-","-","-","-","",""
"Tampines Central PO - 2","SAM","1 Tampines Central 5 #01-03 CPF Tampines Building","1.35315","103.9435","","-","-","-","-","-","-","-","-","-","-","-","-","-","-","-","-","",""
"Tampines HDB Branch Office","SAM","Blk 510 Tampines Central 1 #01-250","1.3548","103.94446","","-","-","-","-","-","-","-","-","-","-","-","-","-","-","-","-","",""
"Tampines Mart-2","SAM","7 Tampines Street 32 [Level 1, near escalator / Guardian Pharmacy]","1.3545","103.95954","","-","-","-","-","-","-","-","-","-","-","-","-","-","-","-","-","",""
"Tampines MRT Station - 1 ","SAM","20 Tampines Central Level 1 (facing Tampines Mall]","1.35313","103.94524","","-","-","-","-","-","-","-","-","-","-","-","-","-","-","-","-","",""
"Tampines MRT Station-2","SAM","20 Tampines Central Level 1 (facing Tampines Mall]","1.35313","103.94524","","-","-","-","-","-","-","-","-","-","-","-","-","-","-","-","-","",""
"Tampines South Street 11 Blk 138 ","SAM","Blk 138 Tampines Street 11 [near #01-148]","1.34528","103.94534","","-","-","-","-","-","-","-","-","-","-","-","-","-","-","-","-","",""
"Tampines Street 21 Blk 201D","SAM","Blk 201D Tampines Street 21","1.35226","103.9536","","-","-","-","-","-","-","-","-","-","-","-","-","-","-","-","-","",""
"Tampines Street 44 Blk 479","SAM","Blk 479 Tampines Street 44 [Void Deck]","1.36144","103.95357","","-","-","-","-","-","-","-","-","-","-","-","-","-","-","-","-","",""
"Tampines Street 81 Blk 829","SAM","Blk 829 Tampines Street 81 [outside #01-280 / adjacent to UOB ATM]","1.34946","103.9346","","-","-","-","-","-","-","-","-","-","-","-","-","-","-","-","-","",""
"Tan Tock Seng Hospital","SAM","11 Jalan Tan Tock Seng Level 1, next to DBS ATM","1.3197","103.85127","","-","-","-","-","-","-","-","-","-","-","-","-","-","-","-","-","",""
"Tanglin Halt","SAM","Blk 88 Tanglin Halt Road (Outside Food Court)","1.30188","103.79816","","-","-","-","-","-","-","-","-","-","-","-","-","-","-","-","-","",""
"Tanglin PO","SAM","56 Tanglin Road #01-01","1.30556","103.82277","","-","-","-","-","-","-","-","-","-","-","-","-","-","-","-","-","",""
"Tanjong Pagar MRT Station ","SAM","120 Maxwell Road [auto lobby at Basement 1]","1.2766","103.84596","","630","2330","630","2330","630","2330","630","2330","630","2330","630","2330","630","2330","630","2330","",""
"Tanjong Pagar PO [Weighing Scale]","SAM","Blk 1 Tanjong Pagar Plaza #01-25","1.27484","103.84271","","-","-","-","-","-","-","-","-","-","-","-","-","-","-","-","-","",""
"Teban Garden PO","SAM","Blk 38 Teban Garden Road #01-316","1.32105","103.74298","","-","-","-","-","-","-","-","-","-","-","-","-","-","-","-","-","",""
"Teck Whye Lane Blk 140","SAM","Teck Whye Lane Blk 140 [next to POSBank ATM]","1.38003","103.75328","","-","-","-","-","-","-","-","-","-","-","-","-","-","-","-","-","",""
"The Cathay","SAM","2 Handy Road [Level 1, outside ticketing box office]","1.29945","103.8477","","-","-","-","-","-","-","-","-","-","-","-","-","-","-","-","-","",""
"The Chevron [SAMplus/Posting Box/Smart Locker] ","SAM","48 Boon Lay Way Ground Floor [entrance of cafeteria]","1.33085","103.74868","","-","-","-","-","-","-","-","-","-","-","-","-","-","-","-","-","",""
"Thomson Plaza","SAM","301 Upper Thomson Road [Level 1 next to DBS Bank]","1.35465","103.83095","","1000","2200","1000","2200","1000","2200","1000","2200","1000","2200","1000","2200","1000","2200","1000","2200","",""
"Thomson Road PO [Weighing Scale]","SAM","246T Upper Thomson Road","1.35437","103.83399","","-","-","-","-","-","-","-","-","-","-","-","-","-","-","-","-","",""
"Tiong Bahru Plaza","SAM","302 Tiong Bahru Road,  Level 1 [outside wall space of The Soup Spoon] Central Plaza","1.28615","103.82734","","-","-","-","-","-","-","-","-","-","-","-","-","-","-","-","-","",""
"Tiong Bahru PO","SAM","Blk 28 Tiong Bahru Road #01-141/147","1.28558","103.83037","","-","-","-","-","-","-","-","-","-","-","-","-","-","-","-","-","",""
"Toa Payoh Central Blk 178","SAM","Blk 178 Toa Payoh Central [near #01-198]","1.3336","103.84884","","-","-","-","-","-","-","-","-","-","-","-","-","-","-","-","-","",""
"Toa Payoh Central PO - 1","SAM","520 Lorong 6 Toa Payoh #02-55 HDB Hub (Biz Two)","1.33198","103.84721","","-","-","-","-","-","-","-","-","-","-","-","-","-","-","-","-","",""
"Toa Payoh Central PO - 2","SAM","520 Lorong 6 Toa Payoh #02-55 HDB Hub (Biz Two)","1.33198","103.84721","","-","-","-","-","-","-","-","-","-","-","-","-","-","-","-","-","",""
"Toa Payoh HDB Branch Office","SAM","Blk 190 Lorong 6 Toa Payoh Level 1 (outside lift lobby)","1.33298","103.84876","","-","-","-","-","-","-","-","-","-","-","-","-","-","-","-","-","",""
"Toa Payoh MRT Station ","SAM","510 Lorong 6 Toa Payoh [Concourse level next to POSB ATM]","1.3327","103.84764","","-","-","-","-","-","-","-","-","-","-","-","-","-","-","-","-","",""
"Toa Payoh North PO ","SAM","Blk 203 Toa Payoh North #01-1117/1119","1.34208","103.8493","","-","-","-","-","-","-","-","-","-","-","-","-","-","-","-","-","",""
"Toa Payoh Public Library","SAM","6, Toa Payoh Central [Level 1 outside Library]","1.33356","103.85045","","-","-","-","-","-","-","-","-","-","-","-","-","-","-","-","-","",""
"Toh Guan Dormitory","SAM","19A Toh Guan Road East #01-73","1.33827","103.75319","","-","-","-","-","-","-","-","-","-","-","-","-","-","-","-","-","",""
"Towner PO ","SAM","Blk 101 Towner Road #01-204/206","1.3188","103.86068","","-","-","-","-","-","-","-","-","-","-","-","-","-","-","-","-","",""
"Traffic Police (Ubi)","SAM","10 Ubi Avenue 3 [Ground Floor, near Reception]","1.33017","103.89065","","-","-","-","-","-","-","-","-","-","-","-","-","-","-","-","-","",""
"Ubi Avenue 1 Blk 306","SAM","Blk 306 Ubi Avenue 1 [outside #01-185]","1.33001","103.90196","","-","-","-","-","-","-","-","-","-","-","-","-","-","-","-","-","",""
"Upper Aljunied Lane Blk 1","SAM","Blk 1 Upper Aljunied Lane [outside #01-1]","1.33435","103.87855","","-","-","-","-","-","-","-","-","-","-","-","-","-","-","-","-","",""
"Valley Park [SAMplus/Posting Box/Smart Locker]","SAM","475 River Valley Road #01-01","1.2932","103.82859","","-","-","-","-","-","-","-","-","-","-","-","-","-","-","-","-","",""
"Vista Point-1","SAM","Blk 548 Woodlands Drive 44 Vista Point Shopping Centre [near escalator]","1.43047","103.79358","","-","-","-","-","-","-","-","-","-","-","-","-","-","-","-","-","",""
"Vista Point-2","SAM","Blk 548 Woodlands Drive 44, Vista Point Shopping Centre [near escalator, outside Cheers]","1.43047","103.79358","","-","-","-","-","-","-","-","-","-","-","-","-","-","-","-","-","",""
"Vivo City, Giants","SAM","1 HarbourFront Walk #01-23 [Inside Giant, facing payment counter]","1.2655","103.82154","","1000","2200","1000","2200","1000","2200","1000","2200","1000","2200","1000","2200","1000","2200","1000","2200","",""
"Whampoa Drive","SAM","Blk 74, Whampoa Drive Between #01-326 & #01-328","1.32509","103.85816","","-","-","-","-","-","-","-","-","-","-","-","-","-","-","-","-","",""
"Woodlands Central PO - 2","SAM","900 South Woodlands Drive #03-05/06 Woodlands Civic Centre","1.43527","103.7867","","830","2200","830","2200","830","2200","830","2200","830","2200","830","2200","830","2200","830","2200","",""
"Woodlands HDB Branch Office","SAM","900 South Woodlands Drive Woodlands Civic Centre Level 3","1.43539","103.78665","","830","2200","830","2200","830","2200","830","2200","830","2200","830","2200","830","2200","830","2200","",""
"Woodlands Mart","SAM","Blk 768 Woodlands Avenue 6 [outside #01-15]","1.44604","103.79845","","-","-","-","-","-","-","-","-","-","-","-","-","-","-","-","-","",""
"Woodlands North Plaza","SAM","Blk 883 Woodlands Street 82 [outside 4-D outlet]","1.44285","103.79083","","-","-","-","-","-","-","-","-","-","-","-","-","-","-","-","-","",""
"Woodlands Regional Int'chge","SAM","30 Woodlands Ave 2","1.43692","103.78655","","-","-","-","-","-","-","-","-","-","-","-","-","-","-","-","-","",""
"Woodlands Street 31 Blk 303","SAM","Blk 303 Woodlands Street 31 (near POSB)","1.43123","103.77404","","-","-","-","-","-","-","-","-","-","-","-","-","-","-","-","-","",""
"Woodlands Town Centre ","SAM","Blk 5A Woodlands Centre Road [near POSB ATM]","1.44142","103.76966","","-","-","-","-","-","-","-","-","-","-","-","-","-","-","-","-","",""
"Yew Tee MRT Station - 1 [Weighing Scale]","SAM","61 Choa Chu Kang Drive","1.39757","103.74739","","-","-","-","-","-","-","-","-","-","-","-","-","-","-","-","-","",""
"Yew Tee MRT Station - 2","SAM","61 Choa Chu Kang Drive","1.39757","103.74739","","-","-","-","-","-","-","-","-","-","-","-","-","-","-","-","-","",""
"Yishun Avenue Blk 102 - 1","SAM","Blk 102 Yishun Avenue 5 [outside 7-Eleven]","1.43062","103.82876","","-","-","-","-","-","-","-","-","-","-","-","-","-","-","-","-","",""
"Yishun Avenue Blk 102 - 2","SAM","Blk 102 Yishun Avenue 5 [outside 7-Eleven]","1.43062","103.82876","","-","-","-","-","-","-","-","-","-","-","-","-","-","-","-","-","",""
"Yishun Avenue 5 Blk 743","SAM","Blk 743 Yishun Avenue 5 #01-546 [outside Cheers]","1.43002","103.83389","","-","-","-","-","-","-","-","-","-","-","-","-","-","-","-","-","",""
"Yishun Bus Interchange","SAM","922 Yishun Ave 2","1.4279","103.83636","","-","-","-","-","-","-","-","-","-","-","-","-","-","-","-","-","",""
"Yishun Central PO - 1 [Weighing Scale]","SAM","Yishun 10 Multiplex 51 Yishun Central #01-09","1.42995","103.83647","","-","-","-","-","-","-","-","-","-","-","-","-","-","-","-","-","",""
"Yishun Central PO - 2","SAM","Yishun 10 Multiplex 51 Yishun Central #01-09","1.42995","103.83647","","-","-","-","-","-","-","-","-","-","-","-","-","-","-","-","-","",""
"Yishun MRT Station - 1 [Weighing Scale]","SAM","301 Yishun Avenue 2 [near to toilet]","1.42951","103.83515","","630","2330","630","2330","630","2330","630","2330","630","2330","630","2330","630","2330","630","2330","",""
"Yishun MRT Station - 2","SAM","301 Yishun Avenue 2 [near to Toilet]","1.42951","103.83515","","-","-","-","-","-","-","-","-","-","-","-","-","-","-","-","-","",""
"Yishun Ring Road Blk 413","SAM","Blk 413 Yishun Ring Road [outside 7-Eleven / facing bus stop]","1.42516","103.84652","","-","-","-","-","-","-","-","-","-","-","-","-","-","-","-","-","",""
"Yishun Street 22 Blk 291","SAM","Blk 291 Yishun Street 22 [outside #01-349]","1.43576","103.83673","","-","-","-","-","-","-","-","-","-","-","-","-","-","-","-","-","",""
"NUS  Yusof Ishak House","SAM","31 Lower Kent Ridge Level 2 [Near Food Court] Yusof Ishak House
","1.29822","103.77449","","-","-","-","-","-","-","-","-","-","-","-","-","-","-","-","-","",""
"Telok Blangah Crescent","SAM","Blk 10 Telok Blangah Crescent [next to coffeeshop]
","1.27785","103.81977","","-","-","-","-","-","-","-","-","-","-","-","-","-","-","-","-","",""
"Fusionopolis","SAM","Connexis Basement 2","48.89364","2.33739","","800","2300","800","2300","800","2300","800","2300","800","2300","800","2300","800","2300","800","2300","",""
"Marina Bay Link Mall","SAM","8A Marina Boulevard #B2-K6 [near #B2-79/80] Marina Bay Link Mall","1.28048","103.85355","","-","-","-","-","-","-","-","-","-","-","-","-","-","-","-","-","",""